{
  "ols_coef": 0.020749850106444673,
  "ols_se": 0.032499347007851266,
  "ols_t": 0.6384697545286642,
  "ols_p": 0.5231679364280413,
  "fs_coef": 0.26879274286772314,
  "fs_se": 0.022060303279035832,
  "fs_t": 12.18445365269117,
  "fs_F": 148.4609108145792,
  "rf_coef": 0.06081562651220543,
  "rf_t": 0.44031900617389164,
  "2sls_coef": 0.22625471902020688,
  "2sls_se": 0.5133703040194296,
  "2sls_t": 0.4407242048259258,
  "2sls_p": 0.6594126712683179,
  "het_oil_coef": -0.039235587990683385,
  "het_int_coef": 0.11756592986733816,
  "het_int_p": 0.5841308349007834,
  "twoway_coef": -0.006026158359656242,
  "twoway_t": -0.13323343802475623,
  "falsi_fs_t": 12.208374768106712,
  "falsi_2sls_coef": 0.1235330682242366,
  "falsi_2sls_p": 0.7784277246740698,
  "placebo_coef": -0.09957144573903665,
  "placebo_p": 0.7098998484364956,
  "nobs": 1512,
  "ncountries": 54,
  "nyears": 28,
  "year_range": "1993--2020",
  "noil_countries": 8
}